{"9wda8jgejXVMK7jutmN5CA==":"logo-128x128.jpg","Bh8l2mTm0HKpK3EXP9sreg==":"new%20logo-128x128.jpg","rdnHrXVgSb8eNe3kHOlEIQ==":"my%20small%20photo-1400x1400.jpg","yiyLRAynI0UHTjhOQ+Hkrw==":"omf-2000x1333.png","fSDiirdgAuFbGGVJzVzozg==":"argan-2000x1333.png","Csc4x1baMlA0yDpUUobDpA==":"maba-2000x1333.png","ams3l7Av5kjIpieoRZUkOg==":"rickscafe-2000x1333.png","V/qi1tqRFJqFzZiSNqcNuA==":"design-2000x1333.png","6E4KsYlmRgs5+uSZuMi4cA==":"game1-2000x1333.png","DBTeaYkqWri0iftye/Avcw==":"calculator-2000x1333.png","uHyhK0GYrecGfSkN7/fPqg==":"game2-2000x1333.png","YO+P1wjVCNcG9TUFULjPmg==":"lentrevue-restaurant-2000x1333.png","c22d0/VxqVvOeoOUJViejw==":"img-1400x1657.jpg","u121c8Gb9w33GflIxBYjaQ==":"mbr-2000x1333.jpg","+DRDVBghmgQR3BuTCURlfg==":"coding-2000x884.jpg","bAd75KTal9sV/rmZRuSp6g==":"typing-2000x1125.png","qG0Aqq6+BuLCYB0/12+B7g==":"riad-monceau-2000x1333.png"}